HR@orcl>select sysdate "Date" FROM dual;

Date                                                                                                                    
---------                                                                                                               
24-JAN-18                                                                                                               

HR@orcl>select employee_id, last_name, salary, ROUND(salary * 1.15, 0) "New Salary"
  2  from employees;

EMPLOYEE_ID LAST_NAME                     SALARY New Salary                                                             
----------- ------------------------- ---------- ----------                                                             
        100 King                           24000      27600                                                             
        101 Kochhar                        17000      19550                                                             
        102 De Haan                        17000      19550                                                             
        103 Hunold                          9000      10350                                                             
        104 Ernst                           6000       6900                                                             
        107 Lorentz                         4200       4830                                                             
        124 Mourgos                         5800       6670                                                             
        141 Rajs                            3500       4025                                                             
        142 Davies                          3100       3565                                                             
        143 Matos                           2600       2990                                                             
        144 Vargas                          2500       2875                                                             

EMPLOYEE_ID LAST_NAME                     SALARY New Salary                                                             
----------- ------------------------- ---------- ----------                                                             
        149 Zlotkey                        10500      12075                                                             
        174 Abel                           11000      12650                                                             
        176 Taylor                          8600       9890                                                             
        178 Grant                           7000       8050                                                             
        200 Whalen                          4400       5060                                                             
        201 Hartstein                      13000      14950                                                             
        202 Fay                             6000       6900                                                             
        205 Higgins                        12000      13800                                                             
        206 Gietz                           8300       9545                                                             

20 rows selected.

HR@orcl>Save lab03_02.sql
Created file lab03_02.sql
HR@orcl>@lab03_02.sql

EMPLOYEE_ID LAST_NAME                     SALARY New Salary                                                             
----------- ------------------------- ---------- ----------                                                             
        100 King                           24000      27600                                                             
        101 Kochhar                        17000      19550                                                             
        102 De Haan                        17000      19550                                                             
        103 Hunold                          9000      10350                                                             
        104 Ernst                           6000       6900                                                             
        107 Lorentz                         4200       4830                                                             
        124 Mourgos                         5800       6670                                                             
        141 Rajs                            3500       4025                                                             
        142 Davies                          3100       3565                                                             
        143 Matos                           2600       2990                                                             
        144 Vargas                          2500       2875                                                             

EMPLOYEE_ID LAST_NAME                     SALARY New Salary                                                             
----------- ------------------------- ---------- ----------                                                             
        149 Zlotkey                        10500      12075                                                             
        174 Abel                           11000      12650                                                             
        176 Taylor                          8600       9890                                                             
        178 Grant                           7000       8050                                                             
        200 Whalen                          4400       5060                                                             
        201 Hartstein                      13000      14950                                                             
        202 Fay                             6000       6900                                                             
        205 Higgins                        12000      13800                                                             
        206 Gietz                           8300       9545                                                             

20 rows selected.

HR@orcl>ed lab_02.sql

HR@orcl>/

EMPLOYEE_ID LAST_NAME                     SALARY New Salary                                                             
----------- ------------------------- ---------- ----------                                                             
        100 King                           24000      27600                                                             
        101 Kochhar                        17000      19550                                                             
        102 De Haan                        17000      19550                                                             
        103 Hunold                          9000      10350                                                             
        104 Ernst                           6000       6900                                                             
        107 Lorentz                         4200       4830                                                             
        124 Mourgos                         5800       6670                                                             
        141 Rajs                            3500       4025                                                             
        142 Davies                          3100       3565                                                             
        143 Matos                           2600       2990                                                             
        144 Vargas                          2500       2875                                                             

EMPLOYEE_ID LAST_NAME                     SALARY New Salary                                                             
----------- ------------------------- ---------- ----------                                                             
        149 Zlotkey                        10500      12075                                                             
        174 Abel                           11000      12650                                                             
        176 Taylor                          8600       9890                                                             
        178 Grant                           7000       8050                                                             
        200 Whalen                          4400       5060                                                             
        201 Hartstein                      13000      14950                                                             
        202 Fay                             6000       6900                                                             
        205 Higgins                        12000      13800                                                             
        206 Gietz                           8300       9545                                                             

20 rows selected.

HR@orcl>ed
Wrote file afiedt.buf

  1  select employee_id, last_name, salary, ROUND(salary * 1.15, 0) "New Salary",
  2  ROUND(salary * 1.15, 0) - salary "Increase"
  3* from employees
HR@orcl>/

EMPLOYEE_ID LAST_NAME                     SALARY New Salary   Increase                                                  
----------- ------------------------- ---------- ---------- ----------                                                  
        100 King                           24000      27600       3600                                                  
        101 Kochhar                        17000      19550       2550                                                  
        102 De Haan                        17000      19550       2550                                                  
        103 Hunold                          9000      10350       1350                                                  
        104 Ernst                           6000       6900        900                                                  
        107 Lorentz                         4200       4830        630                                                  
        124 Mourgos                         5800       6670        870                                                  
        141 Rajs                            3500       4025        525                                                  
        142 Davies                          3100       3565        465                                                  
        143 Matos                           2600       2990        390                                                  
        144 Vargas                          2500       2875        375                                                  

EMPLOYEE_ID LAST_NAME                     SALARY New Salary   Increase                                                  
----------- ------------------------- ---------- ---------- ----------                                                  
        149 Zlotkey                        10500      12075       1575                                                  
        174 Abel                           11000      12650       1650                                                  
        176 Taylor                          8600       9890       1290                                                  
        178 Grant                           7000       8050       1050                                                  
        200 Whalen                          4400       5060        660                                                  
        201 Hartstein                      13000      14950       1950                                                  
        202 Fay                             6000       6900        900                                                  
        205 Higgins                        12000      13800       1800                                                  
        206 Gietz                           8300       9545       1245                                                  

20 rows selected.

HR@orcl>select upper(last_name) "Name",LENGTH(last_name) "Length"
  2  from employees
  3  where last_name LIKE 'J%'
  4  or last_name LIKE 'M%'
  5  or last_name LIKE 'A%'
  6  order by last_name;

Name                          Length                                                                                    
------------------------- ----------                                                                                    
ABEL                               4                                                                                    
MATOS                              5                                                                                    
MOURGOS                            7                                                                                    

HR@orcl>select last_name, ROUND(MONTHS_BETWEEN (SYSDATE, hire_date)) MONTHS_WORKED
  2  from employees
  3  order by MONTHS_BETWEEN(SYSDATE, hire_date);

LAST_NAME                 MONTHS_WORKED                                                                                 
------------------------- -------------                                                                                 
Zlotkey                             216                                                                                 
Mourgos                             218                                                                                 
Grant                               224                                                                                 
Lorentz                             228                                                                                 
Vargas                              235                                                                                 
Taylor                              238                                                                                 
Matos                               238                                                                                 
Fay                                 245                                                                                 
Davies                              252                                                                                 
Abel                                260                                                                                 
Hartstein                           263                                                                                 

LAST_NAME                 MONTHS_WORKED                                                                                 
------------------------- -------------                                                                                 
Rajs                                267                                                                                 
Higgins                             284                                                                                 
Gietz                               284                                                                                 
De Haan                             300                                                                                 
Ernst                               320                                                                                 
Hunold                              337                                                                                 
Kochhar                             340                                                                                 
Whalen                              364                                                                                 
King                                367                                                                                 

20 rows selected.

HR@orcl>select last_name, LPAD(salary, 15, '$') SALARY
  2  from employees;

LAST_NAME                 SALARY                                                                                        
------------------------- ------------------------------------------------------------                                  
King                      $$$$$$$$$$24000                                                                               
Kochhar                   $$$$$$$$$$17000                                                                               
De Haan                   $$$$$$$$$$17000                                                                               
Hunold                    $$$$$$$$$$$9000                                                                               
Ernst                     $$$$$$$$$$$6000                                                                               
Lorentz                   $$$$$$$$$$$4200                                                                               
Mourgos                   $$$$$$$$$$$5800                                                                               
Rajs                      $$$$$$$$$$$3500                                                                               
Davies                    $$$$$$$$$$$3100                                                                               
Matos                     $$$$$$$$$$$2600                                                                               
Vargas                    $$$$$$$$$$$2500                                                                               

LAST_NAME                 SALARY                                                                                        
------------------------- ------------------------------------------------------------                                  
Zlotkey                   $$$$$$$$$$10500                                                                               
Abel                      $$$$$$$$$$11000                                                                               
Taylor                    $$$$$$$$$$$8600                                                                               
Grant                     $$$$$$$$$$$7000                                                                               
Whalen                    $$$$$$$$$$$4400                                                                               
Hartstein                 $$$$$$$$$$13000                                                                               
Fay                       $$$$$$$$$$$6000                                                                               
Higgins                   $$$$$$$$$$12000                                                                               
Gietz                     $$$$$$$$$$$8300                                                                               

20 rows selected.

HR@orcl>select last_name, trunc((SYSDATE-hire_date)/7) AS TENURE
  2  from employees
  3  where department_id = 90
  4  order by tenure desc;

LAST_NAME                     TENURE                                                                                    
------------------------- ----------                                                                                    
King                            1597                                                                                    
Kochhar                         1478                                                                                    
De Haan                         1306                                                                                    

HR@orcl> select last_name || ' earns ' || TO_CHAR(salary, 'fm$99,999.00') || ' monthly but wants '
  2  || TO_CHAR(salary * 3, 'fm$99,999.00') || '.' "Dream Salaries"
  3* from employees
HR@orcl>/

Dream Salaries                                                                                                          
--------------------------------------------------------------------------                                              
King earns $24,000.00 monthly but wants $72,000.00.                                                                     
Kochhar earns $17,000.00 monthly but wants $51,000.00.                                                                  
De Haan earns $17,000.00 monthly but wants $51,000.00.                                                                  
Hunold earns $9,000.00 monthly but wants $27,000.00.                                                                    
Ernst earns $6,000.00 monthly but wants $18,000.00.                                                                     
Lorentz earns $4,200.00 monthly but wants $12,600.00.                                                                   
Mourgos earns $5,800.00 monthly but wants $17,400.00.                                                                   
Rajs earns $3,500.00 monthly but wants $10,500.00.                                                                      
Davies earns $3,100.00 monthly but wants $9,300.00.                                                                     
Matos earns $2,600.00 monthly but wants $7,800.00.                                                                      
Vargas earns $2,500.00 monthly but wants $7,500.00.                                                                     

Dream Salaries                                                                                                          
--------------------------------------------------------------------------                                              
Zlotkey earns $10,500.00 monthly but wants $31,500.00.                                                                  
Abel earns $11,000.00 monthly but wants $33,000.00.                                                                     
Taylor earns $8,600.00 monthly but wants $25,800.00.                                                                    
Grant earns $7,000.00 monthly but wants $21,000.00.                                                                     
Whalen earns $4,400.00 monthly but wants $13,200.00.                                                                    
Hartstein earns $13,000.00 monthly but wants $39,000.00.                                                                
Fay earns $6,000.00 monthly but wants $18,000.00.                                                                       
Higgins earns $12,000.00 monthly but wants $36,000.00.                                                                  
Gietz earns $8,300.00 monthly but wants $24,900.00.                                                                     

20 rows selected.

HR@orcl>select last_name, LPAD(salary, 15, '$') salary
  2  from employees;

LAST_NAME                 SALARY                                                                                        
------------------------- ------------------------------------------------------------                                  
King                      $$$$$$$$$$24000                                                                               
Kochhar                   $$$$$$$$$$17000                                                                               
De Haan                   $$$$$$$$$$17000                                                                               
Hunold                    $$$$$$$$$$$9000                                                                               
Ernst                     $$$$$$$$$$$6000                                                                               
Lorentz                   $$$$$$$$$$$4200                                                                               
Mourgos                   $$$$$$$$$$$5800                                                                               
Rajs                      $$$$$$$$$$$3500                                                                               
Davies                    $$$$$$$$$$$3100                                                                               
Matos                     $$$$$$$$$$$2600                                                                               
Vargas                    $$$$$$$$$$$2500                                                                               

LAST_NAME                 SALARY                                                                                        
------------------------- ------------------------------------------------------------                                  
Zlotkey                   $$$$$$$$$$10500                                                                               
Abel                      $$$$$$$$$$11000                                                                               
Taylor                    $$$$$$$$$$$8600                                                                               
Grant                     $$$$$$$$$$$7000                                                                               
Whalen                    $$$$$$$$$$$4400                                                                               
Hartstein                 $$$$$$$$$$13000                                                                               
Fay                       $$$$$$$$$$$6000                                                                               
Higgins                   $$$$$$$$$$12000                                                                               
Gietz                     $$$$$$$$$$$8300                                                                               

20 rows selected.

HR@orcl>select last_name, hire_date, TO_CHAR(NEXT_DAY(ADD_MONTHS(hire_date, 6),'MONDAY'),'fmDay, "the" Ddspth "of" Month, YYYY') REVIEW
  2  from employees;

LAST_NAME                 HIRE_DATE                                                                                     
------------------------- ---------                                                                                     
REVIEW                                                                                                                  
------------------------------------------------------------------------------------------------------                  
King                      17-JUN-87                                                                                     
Monday, the Twenty-First of December, 1987                                                                              
                                                                                                                        
Kochhar                   21-SEP-89                                                                                     
Monday, the Twenty-Sixth of March, 1990                                                                                 
                                                                                                                        
De Haan                   13-JAN-93                                                                                     
Monday, the Nineteenth of July, 1993                                                                                    
                                                                                                                        

LAST_NAME                 HIRE_DATE                                                                                     
------------------------- ---------                                                                                     
REVIEW                                                                                                                  
------------------------------------------------------------------------------------------------------                  
Hunold                    03-JAN-90                                                                                     
Monday, the Ninth of July, 1990                                                                                         
                                                                                                                        
Ernst                     21-MAY-91                                                                                     
Monday, the Twenty-Fifth of November, 1991                                                                              
                                                                                                                        
Lorentz                   07-FEB-99                                                                                     
Monday, the Ninth of August, 1999                                                                                       
                                                                                                                        

LAST_NAME                 HIRE_DATE                                                                                     
------------------------- ---------                                                                                     
REVIEW                                                                                                                  
------------------------------------------------------------------------------------------------------                  
Mourgos                   16-NOV-99                                                                                     
Monday, the Twenty-Second of May, 2000                                                                                  
                                                                                                                        
Rajs                      17-OCT-95                                                                                     
Monday, the Twenty-Second of April, 1996                                                                                
                                                                                                                        
Davies                    29-JAN-97                                                                                     
Monday, the Fourth of August, 1997                                                                                      
                                                                                                                        

LAST_NAME                 HIRE_DATE                                                                                     
------------------------- ---------                                                                                     
REVIEW                                                                                                                  
------------------------------------------------------------------------------------------------------                  
Matos                     15-MAR-98                                                                                     
Monday, the Twenty-First of September, 1998                                                                             
                                                                                                                        
Vargas                    09-JUL-98                                                                                     
Monday, the Eleventh of January, 1999                                                                                   
                                                                                                                        
Zlotkey                   29-JAN-00                                                                                     
Monday, the Thirty-First of July, 2000                                                                                  
                                                                                                                        

LAST_NAME                 HIRE_DATE                                                                                     
------------------------- ---------                                                                                     
REVIEW                                                                                                                  
------------------------------------------------------------------------------------------------------                  
Abel                      11-MAY-96                                                                                     
Monday, the Eighteenth of November, 1996                                                                                
                                                                                                                        
Taylor                    24-MAR-98                                                                                     
Monday, the Twenty-Eighth of September, 1998                                                                            
                                                                                                                        
Grant                     24-MAY-99                                                                                     
Monday, the Twenty-Ninth of November, 1999                                                                              
                                                                                                                        

LAST_NAME                 HIRE_DATE                                                                                     
------------------------- ---------                                                                                     
REVIEW                                                                                                                  
------------------------------------------------------------------------------------------------------                  
Whalen                    17-SEP-87                                                                                     
Monday, the Twenty-First of March, 1988                                                                                 
                                                                                                                        
Hartstein                 17-FEB-96                                                                                     
Monday, the Nineteenth of August, 1996                                                                                  
                                                                                                                        
Fay                       17-AUG-97                                                                                     
Monday, the Twenty-Third of February, 1998                                                                              
                                                                                                                        

LAST_NAME                 HIRE_DATE                                                                                     
------------------------- ---------                                                                                     
REVIEW                                                                                                                  
------------------------------------------------------------------------------------------------------                  
Higgins                   07-JUN-94                                                                                     
Monday, the Twelfth of December, 1994                                                                                   
                                                                                                                        
Gietz                     07-JUN-94                                                                                     
Monday, the Twelfth of December, 1994                                                                                   
                                                                                                                        

20 rows selected.

HR@orcl>select last_name, hire_date, TO_CHAR(hire_date, 'DAY') DAY
  2  from employees
  3  order by TO_CHAR(hire_date - 1, 'd');

LAST_NAME                 HIRE_DATE DAY                                                                                 
------------------------- --------- ------------------------------------                                                
Grant                     24-MAY-99 MONDAY                                                                              
Gietz                     07-JUN-94 TUESDAY                                                                             
Taylor                    24-MAR-98 TUESDAY                                                                             
Higgins                   07-JUN-94 TUESDAY                                                                             
Rajs                      17-OCT-95 TUESDAY                                                                             
Mourgos                   16-NOV-99 TUESDAY                                                                             
Ernst                     21-MAY-91 TUESDAY                                                                             
Davies                    29-JAN-97 WEDNESDAY                                                                           
King                      17-JUN-87 WEDNESDAY                                                                           
De Haan                   13-JAN-93 WEDNESDAY                                                                           
Hunold                    03-JAN-90 WEDNESDAY                                                                           

LAST_NAME                 HIRE_DATE DAY                                                                                 
------------------------- --------- ------------------------------------                                                
Vargas                    09-JUL-98 THURSDAY                                                                            
Kochhar                   21-SEP-89 THURSDAY                                                                            
Whalen                    17-SEP-87 THURSDAY                                                                            
Hartstein                 17-FEB-96 SATURDAY                                                                            
Zlotkey                   29-JAN-00 SATURDAY                                                                            
Abel                      11-MAY-96 SATURDAY                                                                            
Matos                     15-MAR-98 SUNDAY                                                                              
Lorentz                   07-FEB-99 SUNDAY                                                                              
Fay                       17-AUG-97 SUNDAY                                                                              

20 rows selected.

HR@orcl>select last_name, NVL(TO_CHAR(commission_pct), 'No Commission') COMM
  2  from employees;

LAST_NAME                 COMM                                                                                          
------------------------- ----------------------------------------                                                      
King                      No Commission                                                                                 
Kochhar                   No Commission                                                                                 
De Haan                   No Commission                                                                                 
Hunold                    No Commission                                                                                 
Ernst                     No Commission                                                                                 
Lorentz                   No Commission                                                                                 
Mourgos                   No Commission                                                                                 
Rajs                      No Commission                                                                                 
Davies                    No Commission                                                                                 
Matos                     No Commission                                                                                 
Vargas                    No Commission                                                                                 

LAST_NAME                 COMM                                                                                          
------------------------- ----------------------------------------                                                      
Zlotkey                   .2                                                                                            
Abel                      .3                                                                                            
Taylor                    .2                                                                                            
Grant                     .15                                                                                           
Whalen                    No Commission                                                                                 
Hartstein                 No Commission                                                                                 
Fay                       No Commission                                                                                 
Higgins                   No Commission                                                                                 
Gietz                     No Commission                                                                                 

20 rows selected.

HR@orcl>select rpad(last_name, 8)||' '|| rpad(' ', salary/1000+1, '*')
  2  EMPLOYEES_AND_THEIR_SALARIES
  3  from employees
  4  order by salary DESC;

EMPLOYEES_AND_THEIR_SALARIES                                                                                            
------------------------------------------------------------------------------------------------------------------------
King      ************************                                                                                      
Kochhar   *****************                                                                                             
De Haan   *****************                                                                                             
Hartstei  *************                                                                                                 
Higgins   ************                                                                                                  
Abel      ***********                                                                                                   
Zlotkey   **********                                                                                                    
Hunold    *********                                                                                                     
Taylor    ********                                                                                                      
Gietz     ********                                                                                                      
Grant     *******                                                                                                       

EMPLOYEES_AND_THEIR_SALARIES                                                                                            
------------------------------------------------------------------------------------------------------------------------
Ernst     ******                                                                                                        
Fay       ******                                                                                                        
Mourgos   *****                                                                                                         
Whalen    ****                                                                                                          
Lorentz   ****                                                                                                          
Rajs      ***                                                                                                           
Davies    ***                                                                                                           
Matos     **                                                                                                            
Vargas    **                                                                                                            

20 rows selected.

HR@orcl> select job_id, decode (job_id, 'ST_CLERK', 'E',
  2                                    'SA_REP',   'D',
  3                                    'IT_PROG',  'C',
  4                                    'ST_MAN',   'B',
  5                                    'AD_PRES',  'A',
  6                                                '0') GRADE
  7* from employees
HR@orcl>/

JOB_ID     G                                                                                                            
---------- -                                                                                                            
AC_ACCOUNT 0                                                                                                            
AC_MGR     0                                                                                                            
AD_ASST    0                                                                                                            
AD_PRES    A                                                                                                            
AD_VP      0                                                                                                            
AD_VP      0                                                                                                            
IT_PROG    C                                                                                                            
IT_PROG    C                                                                                                            
IT_PROG    C                                                                                                            
MK_MAN     0                                                                                                            
MK_REP     0                                                                                                            

JOB_ID     G                                                                                                            
---------- -                                                                                                            
SA_MAN     0                                                                                                            
SA_REP     D                                                                                                            
SA_REP     D                                                                                                            
SA_REP     D                                                                                                            
ST_CLERK   E                                                                                                            
ST_CLERK   E                                                                                                            
ST_CLERK   E                                                                                                            
ST_CLERK   E                                                                                                            
ST_MAN     B                                                                                                            

20 rows selected.

HR@orcl>select job_id, CASE job_id WHEN 'ST_CLERK' THEN 'E'
  2  WHEN 'SA_REP' THEN 'D'
  3  WHEN 'IT_PROG' THEN 'C'
  4  WHEN 'ST_MAN' THEN 'B'
  5  WHEN 'AD_PRES' THEN 'A'
  6  ELSE '0' END GRADE
  7  from employees;

JOB_ID     G                                                                                                            
---------- -                                                                                                            
AC_ACCOUNT 0                                                                                                            
AC_MGR     0                                                                                                            
AD_ASST    0                                                                                                            
AD_PRES    A                                                                                                            
AD_VP      0                                                                                                            
AD_VP      0                                                                                                            
IT_PROG    C                                                                                                            
IT_PROG    C                                                                                                            
IT_PROG    C                                                                                                            
MK_MAN     0                                                                                                            
MK_REP     0                                                                                                            

JOB_ID     G                                                                                                            
---------- -                                                                                                            
SA_MAN     0                                                                                                            
SA_REP     D                                                                                                            
SA_REP     D                                                                                                            
SA_REP     D                                                                                                            
ST_CLERK   E                                                                                                            
ST_CLERK   E                                                                                                            
ST_CLERK   E                                                                                                            
ST_CLERK   E                                                                                                            
ST_MAN     B                                                                                                            

20 rows selected.

HR@orcl>spool off
